<?xml version="1.0" encoding="UTF-8"?>
<beans xmlns = "http://www.springframework.org/schema/beans"
   xmlns:xsi = "http://www.w3.org/2001/XMLSchema-instance"
   xmlns:p="http://www.springframework.org/schema/p"
   xsi:schemaLocation = "http://www.springframework.org/schema/beans
   http://www.springframework.org/schema/beans/spring-beans-3.0.xsd">

	<bean name="student" class="com.wipro.hrms.model.Student">
		<property name="id" value="1" />
		<property name="name" value="Raja" />
		<property name="marks">
			<list>
				<value>97.5</value>
				<value>88</value>
				<value>89.95</value>
				<value>56.5</value>
			</list>
		</property>
		<property name="addresses">
			<set>
				<ref bean="a1" />
				<ref bean="a2" />
			</set>
		</property>
	</bean>

	<bean name="a1" class="com.wipro.hrms.model.Address">
		<property name="dno" value="124A" />
		<property name="street" value="Main road" />
		<property name="city" value="Chennai" />
	</bean>
		<bean name="a2" class="com.wipro.hrms.model.Address">
		<property name="dno" value="A451" />
		<property name="street" value="Raja Street" />
		<property name="city" value="Coimbatore" />
	</bean>
   </beans>